<?xml version="1.0" encoding="UTF-8"?>
<config xmlns="http://www.knime.org/2008/09/XMLConfig" xmlns:xsi="http://www.w3.org/2001/XMLSchema-instance" xsi:schemaLocation="http://www.knime.org/2008/09/XMLConfig http://www.knime.org/XMLConfig_2008_09.xsd" key="MiningSchema">
<config key="learning">
<entry key="array-size" type="xint" value="39"/>
<entry key="0" type="xstring" value="年龄"/>
<entry key="1" type="xstring" value="党派"/>
<entry key="2" type="xstring" value="干部级别"/>
<entry key="3" type="xstring" value="学历"/>
<entry key="4" type="xstring" value="是否为清北毕业生"/>
<entry key="5" type="xstring" value="是否有党校学位"/>
<entry key="6" type="xstring" value="是否曾在国企任职"/>
<entry key="7" type="xstring" value="是否曾在高校任职"/>
<entry key="8" type="xstring" value="是否曾在私企任职"/>
<entry key="9" type="xstring" value="北京市"/>
<entry key="10" type="xstring" value="天津市"/>
<entry key="11" type="xstring" value="上海市"/>
<entry key="12" type="xstring" value="重庆市"/>
<entry key="13" type="xstring" value="内蒙古自治区"/>
<entry key="14" type="xstring" value="广西壮族自治区"/>
<entry key="15" type="xstring" value="西藏自治区"/>
<entry key="16" type="xstring" value="新疆维吾尔自治区"/>
<entry key="17" type="xstring" value="河北省"/>
<entry key="18" type="xstring" value="山西省"/>
<entry key="19" type="xstring" value="辽宁省"/>
<entry key="20" type="xstring" value="吉林省"/>
<entry key="21" type="xstring" value="黑龙江省"/>
<entry key="22" type="xstring" value="江苏省"/>
<entry key="23" type="xstring" value="浙江省"/>
<entry key="24" type="xstring" value="安徽省"/>
<entry key="25" type="xstring" value="福建省"/>
<entry key="26" type="xstring" value="江西省"/>
<entry key="27" type="xstring" value="山东省"/>
<entry key="28" type="xstring" value="河南省"/>
<entry key="29" type="xstring" value="湖北省"/>
<entry key="30" type="xstring" value="湖南省"/>
<entry key="31" type="xstring" value="广东省"/>
<entry key="32" type="xstring" value="海南省"/>
<entry key="33" type="xstring" value="四川省"/>
<entry key="34" type="xstring" value="贵州省"/>
<entry key="35" type="xstring" value="云南省"/>
<entry key="36" type="xstring" value="陕西省"/>
<entry key="37" type="xstring" value="甘肃省"/>
<entry key="38" type="xstring" value="青海省"/>
</config>
<config key="target">
<entry key="array-size" type="xint" value="1"/>
<entry key="0" type="xstring" value="培养潜力"/>
</config>
</config>
